Number_of_Cards_A,Capacity_B,Flow_Time_E_Low,Flow_Time_E_High
2.0,1.0,0.11000000000000004,0.8600000000000001
2.6206896551724137,1.0,0.153448275862069,0.903448275862069
3.2413793103448274,1.0,0.19689655172413795,0.9468965517241379
3.8620689655172415,1.0,0.24034482758620695,0.990344827586207
4.482758620689655,1.0,0.2837931034482759,1.033793103448276
5.103448275862069,1.0,0.3272413793103448,1.0772413793103448
5.724137931034483,1.0,0.3706896551724139,1.120689655172414
6.344827586206897,1.0,0.4141379310344828,1.1641379310344828
6.9655172413793105,1.0,0.45758620689655183,1.207586206896552
7.586206896551724,1.0,0.5010344827586207,1.2510344827586208
8.206896551724139,1.0,0.5444827586206897,1.2944827586206897
8.827586206896552,1.0,0.5879310344827586,1.3379310344827586
9.448275862068966,1.0,0.6313793103448276,1.3813793103448275
10.068965517241379,1.0,0.6748275862068965,1.4248275862068964
10.689655172413794,1.0,0.7182758620689654,1.4682758620689653
11.310344827586206,1.0,0.7617241379310343,1.5117241379310342
11.931034482758621,1.0,0.8051724137931034,1.5551724137931036
12.551724137931036,1.0,0.8486206896551726,1.5986206896551725
13.172413793103448,1.0,0.8920689655172415,1.6420689655172414
13.793103448275863,1.0,0.9355172413793105,1.6855172413793105
14.413793103448276,1.0,0.9789655172413793,1.7289655172413791
15.03448275862069,1.0,1.0224137931034483,1.7724137931034483
15.655172413793103,1.0,1.0658620689655172,1.8158620689655172
16.275862068965516,1.0,1.109310344827586,1.859310344827586
16.896551724137932,1.0,1.1527586206896554,1.9027586206896554
17.517241379310345,1.0,1.1962068965517243,1.9462068965517243
18.137931034482758,1.0,1.2396551724137932,1.9896551724137932
18.758620689655174,1.0,1.2831034482758625,2.0331034482758623
19.379310344827587,1.0,1.3265517241379314,2.076551724137931
20.0,1.0,1.3700000000000003,2.12
2.0,1.0689655172413792,0.09382877526753873,0.8438287752675387
2.6206896551724137,1.0689655172413792,0.1368489892984543,0.8868489892984543
3.2413793103448274,1.0689655172413792,0.17986920332936984,0.9298692033293698
3.8620689655172415,1.0689655172413792,0.22288941736028545,0.9728894173602854
4.482758620689655,1.0689655172413792,0.26590963139120105,1.015909631391201
5.103448275862069,1.0689655172413792,0.30892984542211654,1.0589298454221165
5.724137931034483,1.0689655172413792,0.35195005945303226,1.1019500594530323
6.344827586206897,1.0689655172413792,0.39497027348394775,1.1449702734839478
6.9655172413793105,1.0689655172413792,0.43799048751486336,1.1879904875148632
7.586206896551724,1.0689655172413792,0.48101070154577885,1.2310107015457787
8.206896551724139,1.0689655172413792,0.5240309155766946,1.2740309155766947
8.827586206896552,1.0689655172413792,0.5670511296076101,1.3170511296076102
9.448275862068966,1.0689655172413792,0.6100713436385258,1.3600713436385257
10.068965517241379,1.0689655172413792,0.6530915576694413,1.4030915576694412
10.689655172413794,1.0689655172413792,0.6961117717003568,1.4461117717003567
11.310344827586206,1.0689655172413792,0.7391319857312723,1.4891319857312721
11.931034482758621,1.0689655172413792,0.782152199762188,1.532152199762188
12.551724137931036,1.0689655172413792,0.8251724137931037,1.5751724137931036
13.172413793103448,1.0689655172413792,0.8681926278240193,1.6181926278240193
13.793103448275863,1.0689655172413792,0.9112128418549349,1.661212841854935
14.413793103448276,1.0689655172413792,0.9542330558858505,1.7042330558858505
15.03448275862069,1.0689655172413792,0.997253269916766,1.747253269916766
15.655172413793103,1.0689655172413792,1.0402734839476815,1.7902734839476815
16.275862068965516,1.0689655172413792,1.083293697978597,1.833293697978597
16.896551724137932,1.0689655172413792,1.1263139120095127,1.8763139120095127
17.517241379310345,1.0689655172413792,1.1693341260404282,1.9193341260404282
18.137931034482758,1.0689655172413792,1.2123543400713437,1.9623543400713437
18.758620689655174,1.0689655172413792,1.2553745541022596,2.00537455410226
19.379310344827587,1.0689655172413792,1.2983947681331751,2.048394768133175
20.0,1.0689655172413792,1.3414149821640906,2.091414982164091
2.0,1.1379310344827587,0.07841854934601668,0.8284185493460167
2.6206896551724137,1.1379310344827587,0.12101070154577884,0.8710107015457789
3.2413793103448274,1.1379310344827587,0.163602853745541,0.913602853745541
3.8620689655172415,1.1379310344827587,0.2061950059453032,0.9561950059453033
4.482758620689655,1.1379310344827587,0.24878715814506547,0.9987871581450655
5.103448275862069,1.1379310344827587,0.29137931034482756,1.0413793103448277
5.724137931034483,1.1379310344827587,0.33397146254458987,1.0839714625445898
6.344827586206897,1.1379310344827587,0.37656361474435196,1.1265636147443518
6.9655172413793105,1.1379310344827587,0.41915576694411416,1.1691557669441142
7.586206896551724,1.1379310344827587,0.4617479191438763,1.2117479191438763
8.206896551724139,1.1379310344827587,0.5043400713436387,1.2543400713436386
8.827586206896552,1.1379310344827587,0.5469322235434008,1.2969322235434007
9.448275862068966,1.1379310344827587,0.589524375743163,1.339524375743163
10.068965517241379,1.1379310344827587,0.632116527942925,1.382116527942925
10.689655172413794,1.1379310344827587,0.6747086801426871,1.4247086801426871
11.310344827586206,1.1379310344827587,0.7173008323424493,1.4673008323424495
11.931034482758621,1.1379310344827587,0.7598929845422117,1.5098929845422115
12.551724137931036,1.1379310344827587,0.802485136741974,1.552485136741974
13.172413793103448,1.1379310344827587,0.8450772889417361,1.5950772889417362
13.793103448275863,1.1379310344827587,0.8876694411414984,1.6376694411414983
14.413793103448276,1.1379310344827587,0.9302615933412605,1.6802615933412604
15.03448275862069,1.1379310344827587,0.9728537455410224,1.7228537455410224
15.655172413793103,1.1379310344827587,1.0154458977407848,1.7654458977407848
16.275862068965516,1.1379310344827587,1.0580380499405468,1.8080380499405468
16.896551724137932,1.1379310344827587,1.1006302021403094,1.8506302021403094
17.517241379310345,1.1379310344827587,1.1432223543400715,1.8932223543400715
18.137931034482758,1.1379310344827587,1.1858145065398336,1.9358145065398336
18.758620689655174,1.1379310344827587,1.228406658739596,1.978406658739596
19.379310344827587,1.1379310344827587,1.2709988109393582,2.020998810939358
20.0,1.1379310344827587,1.3135909631391203,2.06359096313912
2.0,1.206896551724138,0.06376932223543408,0.8137693222354341
2.6206896551724137,1.206896551724138,0.10593341260404285,0.8559334126040429
3.2413793103448274,1.206896551724138,0.14809750297265162,0.8980975029726517
3.8620689655172415,1.206896551724138,0.19026159334126044,0.9402615933412605
4.482758620689655,1.206896551724138,0.2324256837098693,0.9824256837098693
5.103448275862069,1.206896551724138,0.274589774078478,1.024589774078478
5.724137931034483,1.206896551724138,0.316753864447087,1.066753864447087
6.344827586206897,1.206896551724138,0.35891795481569566,1.1089179548156958
6.9655172413793105,1.206896551724138,0.4010820451843045,1.1510820451843045
7.586206896551724,1.206896551724138,0.44324613555291326,1.1932461355529131
8.206896551724139,1.206896551724138,0.48541022592152216,1.2354102259215223
8.827586206896552,1.206896551724138,0.5275743162901309,1.277574316290131
9.448275862068966,1.206896551724138,0.5697384066587398,1.3197384066587396
10.068965517241379,1.206896551724138,0.6119024970273486,1.3619024970273486
10.689655172413794,1.206896551724138,0.6540665873959572,1.4040665873959572
11.310344827586206,1.206896551724138,0.6962306777645659,1.446230677764566
11.931034482758621,1.206896551724138,0.7383947681331748,1.4883947681331748
12.551724137931036,1.206896551724138,0.7805588585017837,1.5305588585017837
13.172413793103448,1.206896551724138,0.8227229488703925,1.5727229488703927
13.793103448275863,1.206896551724138,0.8648870392390015,1.6148870392390013
14.413793103448276,1.206896551724138,0.9070511296076103,1.6570511296076103
15.03448275862069,1.206896551724138,0.9492152199762189,1.699215219976219
15.655172413793103,1.206896551724138,0.9913793103448276,1.7413793103448276
16.275862068965516,1.206896551724138,1.0335434007134365,1.7835434007134365
16.896551724137932,1.206896551724138,1.0757074910820452,1.8257074910820452
17.517241379310345,1.206896551724138,1.1178715814506541,1.8678715814506541
18.137931034482758,1.206896551724138,1.1600356718192628,1.9100356718192628
18.758620689655174,1.206896551724138,1.202199762187872,1.952199762187872
19.379310344827587,1.206896551724138,1.2443638525564806,1.9943638525564806
20.0,1.206896551724138,1.2865279429250893,2.0365279429250895
2.0,1.2758620689655173,0.04988109393579078,0.7998810939357908
2.6206896551724137,1.2758620689655173,0.09161712247324616,0.8416171224732462
3.2413793103448274,1.2758620689655173,0.13335315101070155,0.8833531510107016
3.8620689655172415,1.2758620689655173,0.175089179548157,0.9250891795481571
4.482758620689655,1.2758620689655173,0.21682520808561243,0.9668252080856125
5.103448275862069,1.2758620689655173,0.25856123662306774,1.0085612366230676
5.724137931034483,1.2758620689655173,0.30029726516052335,1.0502972651605234
6.344827586206897,1.2758620689655173,0.34203329369797864,1.0920332936979786
6.9655172413793105,1.2758620689655173,0.38376932223543403,1.133769322235434
7.586206896551724,1.2758620689655173,0.4255053507728894,1.1755053507728894
8.206896551724139,1.2758620689655173,0.46724137931034493,1.217241379310345
8.827586206896552,1.2758620689655173,0.5089774078478003,1.2589774078478002
9.448275862068966,1.2758620689655173,0.5507134363852557,1.3007134363852557
10.068965517241379,1.2758620689655173,0.5924494649227111,1.3424494649227112
10.689655172413794,1.2758620689655173,0.6341854934601664,1.3841854934601665
11.310344827586206,1.2758620689655173,0.6759215219976218,1.4259215219976218
11.931034482758621,1.2758620689655173,0.7176575505350773,1.4676575505350773
12.551724137931036,1.2758620689655173,0.7593935790725328,1.5093935790725328
13.172413793103448,1.2758620689655173,0.8011296076099881,1.551129607609988
13.793103448275863,1.2758620689655173,0.8428656361474437,1.5928656361474438
14.413793103448276,1.2758620689655173,0.884601664684899,1.634601664684899
15.03448275862069,1.2758620689655173,0.9263376932223544,1.6763376932223544
15.655172413793103,1.2758620689655173,0.9680737217598097,1.7180737217598097
16.275862068965516,1.2758620689655173,1.009809750297265,1.759809750297265
16.896551724137932,1.2758620689655173,1.0515457788347207,1.8015457788347207
17.517241379310345,1.2758620689655173,1.0932818073721762,1.8432818073721762
18.137931034482758,1.2758620689655173,1.1350178359096315,1.8850178359096315
18.758620689655174,1.2758620689655173,1.1767538644470872,1.9267538644470872
19.379310344827587,1.2758620689655173,1.2184898929845425,1.9684898929845425
20.0,1.2758620689655173,1.2602259215219977,2.0102259215219975
2.0,1.3448275862068966,0.03675386444708681,0.7867538644470868
2.6206896551724137,1.3448275862068966,0.0780618311533888,0.8280618311533888
3.2413793103448274,1.3448275862068966,0.11936979785969082,0.8693697978596908
3.8620689655172415,1.3448275862068966,0.16067776456599286,0.9106777645659929
4.482758620689655,1.3448275862068966,0.2019857312722949,0.9519857312722949
5.103448275862069,1.3448275862068966,0.24329369797859685,0.9932936979785969
5.724137931034483,1.3448275862068966,0.284601664684899,1.034601664684899
6.344827586206897,1.3448275862068966,0.325909631391201,1.0759096313912009
6.9655172413793105,1.3448275862068966,0.367217598097503,1.117217598097503
7.586206896551724,1.3448275862068966,0.408525564803805,1.158525564803805
8.206896551724139,1.3448275862068966,0.44983353151010713,1.1998335315101072
8.827586206896552,1.3448275862068966,0.49114149821640907,1.241141498216409
9.448275862068966,1.3448275862068966,0.5324494649227112,1.2824494649227112
10.068965517241379,1.3448275862068966,0.573757431629013,1.323757431629013
10.689655172413794,1.3448275862068966,0.6150653983353149,1.365065398335315
11.310344827586206,1.3448275862068966,0.656373365041617,1.406373365041617
11.931034482758621,1.3448275862068966,0.6976813317479191,1.4476813317479191
12.551724137931036,1.3448275862068966,0.7389892984542212,1.4889892984542212
13.172413793103448,1.3448275862068966,0.7802972651605233,1.5302972651605233
13.793103448275863,1.3448275862068966,0.8216052318668254,1.5716052318668254
14.413793103448276,1.3448275862068966,0.8629131985731273,1.6129131985731273
15.03448275862069,1.3448275862068966,0.9042211652794292,1.6542211652794292
15.655172413793103,1.3448275862068966,0.9455291319857311,1.695529131985731
16.275862068965516,1.3448275862068966,0.9868370986920332,1.7368370986920332
16.896551724137932,1.3448275862068966,1.0281450653983355,1.7781450653983355
17.517241379310345,1.3448275862068966,1.0694530321046374,1.8194530321046374
18.137931034482758,1.3448275862068966,1.1107609988109393,1.8607609988109393
18.758620689655174,1.3448275862068966,1.1520689655172418,1.9020689655172418
19.379310344827587,1.3448275862068966,1.1933769322235437,1.9433769322235437
20.0,1.3448275862068966,1.2346848989298456,1.9846848989298456
2.0,1.4137931034482758,0.02438763376932232,0.7743876337693223
2.6206896551724137,1.4137931034482758,0.06526753864447093,0.815267538644471
3.2413793103448274,1.4137931034482758,0.10614744351961954,0.8561474435196196
3.8620689655172415,1.4137931034482758,0.1470273483947682,0.8970273483947682
4.482758620689655,1.4137931034482758,0.18790725326991686,0.9379072532699169
5.103448275862069,1.4137931034482758,0.22878715814506542,0.9787871581450655
5.724137931034483,1.4137931034482758,0.2696670630202142,1.0196670630202143
6.344827586206897,1.4137931034482758,0.31054696789536274,1.0605469678953627
6.9655172413793105,1.4137931034482758,0.35142687277051143,1.1014268727705114
7.586206896551724,1.4137931034482758,0.39230677764565997,1.14230677764566
8.206896551724139,1.4137931034482758,0.4331866825208087,1.1831866825208088
8.827586206896552,1.4137931034482758,0.4740665873959573,1.2240665873959573
9.448275862068966,1.4137931034482758,0.514946492271106,1.264946492271106
10.068965517241379,1.4137931034482758,0.5558263971462545,1.3058263971462545
10.689655172413794,1.4137931034482758,0.5967063020214031,1.3467063020214032
11.310344827586206,1.4137931034482758,0.6375862068965517,1.3875862068965517
11.931034482758621,1.4137931034482758,0.6784661117717004,1.4284661117717004
12.551724137931036,1.4137931034482758,0.719346016646849,1.469346016646849
13.172413793103448,1.4137931034482758,0.7602259215219977,1.5102259215219977
13.793103448275863,1.4137931034482758,0.8011058263971464,1.5511058263971464
14.413793103448276,1.4137931034482758,0.8419857312722951,1.5919857312722951
15.03448275862069,1.4137931034482758,0.8828656361474436,1.6328656361474436
15.655172413793103,1.4137931034482758,0.9237455410225921,1.673745541022592
16.275862068965516,1.4137931034482758,0.9646254458977408,1.7146254458977408
16.896551724137932,1.4137931034482758,1.0055053507728895,1.7555053507728895
17.517241379310345,1.4137931034482758,1.046385255648038,1.796385255648038
18.137931034482758,1.4137931034482758,1.0872651605231867,1.8372651605231867
18.758620689655174,1.4137931034482758,1.1281450653983356,1.8781450653983356
19.379310344827587,1.4137931034482758,1.169024970273484,1.919024970273484
20.0,1.4137931034482758,1.2099048751486328,1.9599048751486328
2.0,1.4827586206896552,0.01278240190249702,0.762782401902497
2.6206896551724137,1.4827586206896552,0.05323424494649226,0.8032342449464922
3.2413793103448274,1.4827586206896552,0.09368608799048747,0.8436860879904875
3.8620689655172415,1.4827586206896552,0.13413793103448274,0.8841379310344828
4.482758620689655,1.4827586206896552,0.17458977407847803,0.9245897740784781
5.103448275862069,1.4827586206896552,0.2150416171224732,0.9650416171224732
5.724137931034483,1.4827586206896552,0.25549346016646857,1.0054934601664685
6.344827586206897,1.4827586206896552,0.29594530321046375,1.0459453032104638
6.9655172413793105,1.4827586206896552,0.336397146254459,1.086397146254459
7.586206896551724,1.4827586206896552,0.3768489892984542,1.1268489892984541
8.206896551724139,1.4827586206896552,0.4173008323424495,1.1673008323424496
8.827586206896552,1.4827586206896552,0.4577526753864447,1.2077526753864447
9.448275862068966,1.4827586206896552,0.49820451843044,1.24820451843044
10.068965517241379,1.4827586206896552,0.5386563614744352,1.2886563614744353
10.689655172413794,1.4827586206896552,0.5791082045184304,1.3291082045184304
11.310344827586206,1.4827586206896552,0.6195600475624256,1.3695600475624254
11.931034482758621,1.4827586206896552,0.660011890606421,1.410011890606421
12.551724137931036,1.4827586206896552,0.7004637336504163,1.4504637336504163
13.172413793103448,1.4827586206896552,0.7409155766944114,1.4909155766944115
13.793103448275863,1.4827586206896552,0.7813674197384068,1.5313674197384068
14.413793103448276,1.4827586206896552,0.8218192627824019,1.571819262782402
15.03448275862069,1.4827586206896552,0.8622711058263972,1.6122711058263972
15.655172413793103,1.4827586206896552,0.9027229488703923,1.6527229488703923
16.275862068965516,1.4827586206896552,0.9431747919143874,1.6931747919143874
16.896551724137932,1.4827586206896552,0.983626634958383,1.7336266349583829
17.517241379310345,1.4827586206896552,1.0240784780023782,1.7740784780023782
18.137931034482758,1.4827586206896552,1.0645303210463735,1.8145303210463735
18.758620689655174,1.4827586206896552,1.104982164090369,1.854982164090369
19.379310344827587,1.4827586206896552,1.145434007134364,1.895434007134364
20.0,1.4827586206896552,1.1858858501783593,1.9358858501783593
2.0,1.5517241379310345,0.0019381688466112712,0.7519381688466112
2.6206896551724137,1.5517241379310345,0.04196195005945311,0.7919619500594531
3.2413793103448274,1.5517241379310345,0.08198573127229494,0.8319857312722949
3.8620689655172415,1.5517241379310345,0.12200951248513683,0.8720095124851368
4.482758620689655,1.5517241379310345,0.1620332936979787,0.9120332936979787
5.103448275862069,1.5517241379310345,0.20205707491082048,0.9520570749108205
5.724137931034483,1.5517241379310345,0.24208085612366248,0.9920808561236625
6.344827586206897,1.5517241379310345,0.28210463733650426,1.0321046373365044
6.9655172413793105,1.5517241379310345,0.32212841854934615,1.072128418549346
7.586206896551724,1.5517241379310345,0.36215219976218793,1.112152199762188
8.206896551724139,1.5517241379310345,0.40217598097502993,1.1521759809750298
8.827586206896552,1.5517241379310345,0.4421997621878717,1.1921997621878717
9.448275862068966,1.5517241379310345,0.4822235434007136,1.2322235434007136
10.068965517241379,1.5517241379310345,0.5222473246135554,1.2722473246135553
10.689655172413794,1.5517241379310345,0.5622711058263972,1.3122711058263972
11.310344827586206,1.5517241379310345,0.602294887039239,1.352294887039239
11.931034482758621,1.5517241379310345,0.642318668252081,1.392318668252081
12.551724137931036,1.5517241379310345,0.682342449464923,1.4323424494649228
13.172413793103448,1.5517241379310345,0.7223662306777647,1.4723662306777647
13.793103448275863,1.5517241379310345,0.7623900118906067,1.5123900118906066
14.413793103448276,1.5517241379310345,0.8024137931034485,1.5524137931034485
15.03448275862069,1.5517241379310345,0.8424375743162903,1.5924375743162904
15.655172413793103,1.5517241379310345,0.8824613555291321,1.632461355529132
16.275862068965516,1.5517241379310345,0.9224851367419739,1.6724851367419737
16.896551724137932,1.5517241379310345,0.9625089179548157,1.7125089179548159
17.517241379310345,1.5517241379310345,1.0025326991676575,1.7525326991676575
18.137931034482758,1.5517241379310345,1.0425564803804994,1.7925564803804994
18.758620689655174,1.5517241379310345,1.0825802615933415,1.8325802615933415
19.379310344827587,1.5517241379310345,1.1226040428061832,1.8726040428061832
20.0,1.5517241379310345,1.162627824019025,1.912627824019025
2.0,1.6206896551724137,-0.00814506539833526,0.7418549346016647
2.6206896551724137,1.6206896551724137,0.03145065398335317,0.7814506539833532
3.2413793103448274,1.6206896551724137,0.07104637336504163,0.8210463733650416
3.8620689655172415,1.6206896551724137,0.11064209274673012,0.8606420927467301
4.482758620689655,1.6206896551724137,0.15023781212841864,0.9002378121284187
5.103448275862069,1.6206896551724137,0.189833531510107,0.939833531510107
5.724137931034483,1.6206896551724137,0.2294292508917956,0.9794292508917957
6.344827586206897,1.6206896551724137,0.269024970273484,1.019024970273484
6.9655172413793105,1.6206896551724137,0.30862068965517253,1.0586206896551724
7.586206896551724,1.6206896551724137,0.3482164090368609,1.098216409036861
8.206896551724139,1.6206896551724137,0.3878121284185495,1.1378121284185494
8.827586206896552,1.6206896551724137,0.4274078478002379,1.1774078478002379
9.448275862068966,1.6206896551724137,0.46700356718192637,1.2170035671819264
10.068965517241379,1.6206896551724137,0.5065992865636147,1.2565992865636146
10.689655172413794,1.6206896551724137,0.5461950059453031,1.2961950059453031
11.310344827586206,1.6206896551724137,0.5857907253269916,1.3357907253269916
11.931034482758621,1.6206896551724137,0.6253864447086802,1.3753864447086803
12.551724137931036,1.6206896551724137,0.6649821640903688,1.4149821640903688
13.172413793103448,1.6206896551724137,0.7045778834720572,1.4545778834720573
13.793103448275863,1.6206896551724137,0.7441736028537457,1.4941736028537456
14.413793103448276,1.6206896551724137,0.7837693222354342,1.5337693222354343
15.03448275862069,1.6206896551724137,0.8233650416171225,1.5733650416171225
15.655172413793103,1.6206896551724137,0.8629607609988109,1.6129607609988108
16.275862068965516,1.6206896551724137,0.9025564803804994,1.6525564803804995
16.896551724137932,1.6206896551724137,0.9421521997621879,1.6921521997621878
17.517241379310345,1.6206896551724137,0.9817479191438764,1.7317479191438765
18.137931034482758,1.6206896551724137,1.0213436385255648,1.7713436385255648
18.758620689655174,1.6206896551724137,1.0609393579072535,1.8109393579072535
19.379310344827587,1.6206896551724137,1.1005350772889417,1.8505350772889417
20.0,1.6206896551724137,1.1401307966706304,1.8901307966706304
2.0,1.6896551724137931,-0.017467300832342325,0.7325326991676577
2.6206896551724137,1.6896551724137931,0.021700356718192704,0.7717003567181927
3.2413793103448274,1.6896551724137931,0.06086801426872779,0.8108680142687278
3.8620689655172415,1.6896551724137931,0.10003567181926287,0.8500356718192629
4.482758620689655,1.6896551724137931,0.139203329369798,0.8892033293697981
5.103448275862069,1.6896551724137931,0.17837098692033299,0.9283709869203329
5.724137931034483,1.6896551724137931,0.21753864447086818,0.9675386444708682
6.344827586206897,1.6896551724137931,0.2567063020214032,1.0067063020214033
6.9655172413793105,1.6896551724137931,0.2958739595719383,1.0458739595719382
7.586206896551724,1.6896551724137931,0.3350416171224733,1.0850416171224733
8.206896551724139,1.6896551724137931,0.3742092746730085,1.1242092746730086
8.827586206896552,1.6896551724137931,0.41337693222354355,1.1633769322235437
9.448275862068966,1.6896551724137931,0.45254458977407863,1.2025445897740785
10.068965517241379,1.6896551724137931,0.4917122473246136,1.2417122473246136
10.689655172413794,1.6896551724137931,0.5308799048751487,1.2808799048751487
11.310344827586206,1.6896551724137931,0.5700475624256837,1.3200475624256836
11.931034482758621,1.6896551724137931,0.6092152199762189,1.3592152199762189
12.551724137931036,1.6896551724137931,0.648382877526754,1.3983828775267542
13.172413793103448,1.6896551724137931,0.687550535077289,1.437550535077289
13.793103448275863,1.6896551724137931,0.7267181926278242,1.4767181926278243
14.413793103448276,1.6896551724137931,0.7658858501783593,1.5158858501783592
15.03448275862069,1.6896551724137931,0.8050535077288943,1.5550535077288943
15.655172413793103,1.6896551724137931,0.8442211652794294,1.5942211652794294
16.275862068965516,1.6896551724137931,0.8833888228299643,1.6333888228299642
16.896551724137932,1.6896551724137931,0.9225564803804995,1.6725564803804995
17.517241379310345,1.6896551724137931,0.9617241379310345,1.7117241379310344
18.137931034482758,1.6896551724137931,1.0008917954815695,1.7508917954815695
18.758620689655174,1.6896551724137931,1.040059453032105,1.790059453032105
19.379310344827587,1.6896551724137931,1.0792271105826399,1.8292271105826399
20.0,1.6896551724137931,1.118394768133175,1.868394768133175
2.0,1.7586206896551724,-0.026028537455410117,0.7239714625445899
2.6206896551724137,1.7586206896551724,0.012711058263971536,0.7627110582639716
3.2413793103448274,1.7586206896551724,0.05145065398335319,0.8014506539833532
3.8620689655172415,1.7586206896551724,0.09019024970273493,0.8401902497027349
4.482758620689655,1.7586206896551724,0.12892984542211663,0.8789298454221166
5.103448275862069,1.7586206896551724,0.16766944114149823,0.9176694411414983
5.724137931034483,1.7586206896551724,0.20640903686088008,0.9564090368608801
6.344827586206897,1.7586206896551724,0.2451486325802617,0.9951486325802616
6.9655172413793105,1.7586206896551724,0.2838882282996434,1.0338882282996433
7.586206896551724,1.7586206896551724,0.322627824019025,1.072627824019025
8.206896551724139,1.7586206896551724,0.3613674197384068,1.1113674197384067
8.827586206896552,1.7586206896551724,0.4001070154577885,1.1501070154577886
9.448275862068966,1.7586206896551724,0.43884661117717016,1.18884661117717
10.068965517241379,1.7586206896551724,0.4775862068965518,1.2275862068965517
10.689655172413794,1.7586206896551724,0.5163258026159334,1.2663258026159334
11.310344827586206,1.7586206896551724,0.555065398335315,1.3050653983353149
11.931034482758621,1.7586206896551724,0.5938049940546969,1.3438049940546968
12.551724137931036,1.7586206896551724,0.6325445897740787,1.3825445897740787
13.172413793103448,1.7586206896551724,0.6712841854934603,1.4212841854934601
13.793103448275863,1.7586206896551724,0.710023781212842,1.460023781212842
14.413793103448276,1.7586206896551724,0.7487633769322237,1.4987633769322237
15.03448275862069,1.7586206896551724,0.7875029726516054,1.5375029726516054
15.655172413793103,1.7586206896551724,0.826242568370987,1.5762425683709869
16.275862068965516,1.7586206896551724,0.8649821640903685,1.6149821640903685
16.896551724137932,1.7586206896551724,0.9037217598097504,1.6537217598097504
17.517241379310345,1.7586206896551724,0.942461355529132,1.6924613555291321
18.137931034482758,1.7586206896551724,0.9812009512485136,1.7312009512485136
18.758620689655174,1.7586206896551724,1.0199405469678955,1.7699405469678955
19.379310344827587,1.7586206896551724,1.0586801426872772,1.8086801426872772
20.0,1.7586206896551724,1.0974197384066589,1.8474197384066589
2.0,1.8275862068965516,-0.033828775267538636,0.7161712247324614
2.6206896551724137,1.8275862068965516,0.004482758620689642,0.7544827586206897
3.2413793103448274,1.8275862068965516,0.04279429250891795,0.792794292508918
3.8620689655172415,1.8275862068965516,0.08110582639714628,0.8311058263971463
4.482758620689655,1.8275862068965516,0.11941736028537461,0.8694173602853746
5.103448275862069,1.8275862068965516,0.15772889417360283,0.9077288941736028
5.724137931034483,1.8275862068965516,0.19604042806183125,0.9460404280618313
6.344827586206897,1.8275862068965516,0.2343519619500595,0.9843519619500595
6.9655172413793105,1.8275862068965516,0.27266349583828786,1.0226634958382879
7.586206896551724,1.8275862068965516,0.31097502972651603,1.060975029726516
8.206896551724139,1.8275862068965516,0.34928656361474447,1.0992865636147444
8.827586206896552,1.8275862068965516,0.3875980975029727,1.1375980975029727
9.448275862068966,1.8275862068965516,0.425909631391201,1.175909631391201
10.068965517241379,1.8275862068965516,0.46422116527942925,1.2142211652794292
10.689655172413794,1.8275862068965516,0.5025326991676575,1.2525326991676575
11.310344827586206,1.8275862068965516,0.5408442330558858,1.2908442330558858
11.931034482758621,1.8275862068965516,0.5791557669441141,1.329155766944114
12.551724137931036,1.8275862068965516,0.6174673008323426,1.3674673008323426
13.172413793103448,1.8275862068965516,0.6557788347205709,1.4057788347205709
13.793103448275863,1.8275862068965516,0.6940903686087992,1.4440903686087991
14.413793103448276,1.8275862068965516,0.7324019024970274,1.4824019024970274
15.03448275862069,1.8275862068965516,0.7707134363852557,1.5207134363852557
15.655172413793103,1.8275862068965516,0.809024970273484,1.559024970273484
16.275862068965516,1.8275862068965516,0.8473365041617122,1.5973365041617122
16.896551724137932,1.8275862068965516,0.8856480380499405,1.6356480380499405
17.517241379310345,1.8275862068965516,0.9239595719381688,1.6739595719381688
18.137931034482758,1.8275862068965516,0.9622711058263971,1.712271105826397
18.758620689655174,1.8275862068965516,1.0005826397146258,1.7505826397146258
19.379310344827587,1.8275862068965516,1.0388941736028539,1.7888941736028539
20.0,1.8275862068965516,1.0772057074910821,1.8272057074910821
2.0,1.896551724137931,-0.04086801426872766,0.7091319857312723
2.6206896551724137,1.896551724137931,-0.00298454221165273,0.7470154577883472
3.2413793103448274,1.896551724137931,0.034898929845422144,0.7848989298454221
3.8620689655172415,1.896551724137931,0.07278240190249707,0.8227824019024971
4.482758620689655,1.896551724137931,0.11066587395957203,0.8606658739595721
5.103448275862069,1.896551724137931,0.14854934601664685,0.8985493460166468
5.724137931034483,1.896551724137931,0.1864328180737219,0.9364328180737219
6.344827586206897,1.896551724137931,0.22431629013079674,0.9743162901307967
6.9655172413793105,1.896551724137931,0.26219976218787167,1.0121997621878718
7.586206896551724,1.896551724137931,0.30008323424494654,1.0500832342449464
8.206896551724139,1.896551724137931,0.3379667063020215,1.0879667063020215
8.827586206896552,1.896551724137931,0.3758501783590964,1.1258501783590964
9.448275862068966,1.896551724137931,0.41373365041617133,1.1637336504161713
10.068965517241379,1.896551724137931,0.45161712247324615,1.2016171224732461
10.689655172413794,1.896551724137931,0.489500594530321,1.239500594530321
11.310344827586206,1.896551724137931,0.5273840665873959,1.277384066587396
11.931034482758621,1.896551724137931,0.565267538644471,1.315267538644471
12.551724137931036,1.896551724137931,0.6031510107015459,1.3531510107015459
13.172413793103448,1.896551724137931,0.6410344827586207,1.3910344827586207
13.793103448275863,1.896551724137931,0.6789179548156958,1.4289179548156958
14.413793103448276,1.896551724137931,0.7168014268727707,1.4668014268727707
15.03448275862069,1.896551724137931,0.7546848989298455,1.5046848989298454
15.655172413793103,1.896551724137931,0.7925683709869205,1.5425683709869205
16.275862068965516,1.896551724137931,0.8304518430439953,1.5804518430439953
16.896551724137932,1.896551724137931,0.8683353151010702,1.6183353151010702
17.517241379310345,1.896551724137931,0.9062187871581451,1.656218787158145
18.137931034482758,1.896551724137931,0.94410225921522,1.69410225921522
18.758620689655174,1.896551724137931,0.981985731272295,1.731985731272295
19.379310344827587,1.896551724137931,1.01986920332937,1.76986920332937
20.0,1.896551724137931,1.0577526753864448,1.8077526753864448
2.0,1.9655172413793103,-0.04714625445897741,0.7028537455410226
2.6206896551724137,1.9655172413793103,-0.009690844233055884,0.7403091557669441
3.2413793103448274,1.9655172413793103,0.027764565992865586,0.7777645659928656
3.8620689655172415,1.9655172413793103,0.06521997621878717,0.8152199762187872
4.482758620689655,1.9655172413793103,0.1026753864447087,0.8526753864447087
5.103448275862069,1.9655172413793103,0.14013079667063016,0.8901307966706302
5.724137931034483,1.9655172413793103,0.1775862068965518,0.9275862068965518
6.344827586206897,1.9655172413793103,0.21504161712247327,0.9650416171224733
6.9655172413793105,1.9655172413793103,0.2524970273483948,1.0024970273483949
7.586206896551724,1.9655172413793103,0.28995243757431627,1.0399524375743163
8.206896551724139,1.9655172413793103,0.3274078478002379,1.077407847800238
8.827586206896552,1.9655172413793103,0.3648632580261594,1.1148632580261593
9.448275862068966,1.9655172413793103,0.4023186682520809,1.152318668252081
10.068965517241379,1.9655172413793103,0.4397740784780024,1.1897740784780024
10.689655172413794,1.9655172413793103,0.4772294887039238,1.227229488703924
11.310344827586206,1.9655172413793103,0.5146848989298453,1.2646848989298451
11.931034482758621,1.9655172413793103,0.552140309155767,1.3021403091557668
12.551724137931036,1.9655172413793103,0.5895957193816885,1.3395957193816885
13.172413793103448,1.9655172413793103,0.62705112960761,1.37705112960761
13.793103448275863,1.9655172413793103,0.6645065398335317,1.4145065398335317
14.413793103448276,1.9655172413793103,0.7019619500594532,1.4519619500594532
15.03448275862069,1.9655172413793103,0.7394173602853746,1.4894173602853746
15.655172413793103,1.9655172413793103,0.7768727705112961,1.526872770511296
16.275862068965516,1.9655172413793103,0.8143281807372176,1.5643281807372176
16.896551724137932,1.9655172413793103,0.851783590963139,1.601783590963139
17.517241379310345,1.9655172413793103,0.8892390011890605,1.6392390011890605
18.137931034482758,1.9655172413793103,0.926694411414982,1.676694411414982
18.758620689655174,1.9655172413793103,0.9641498216409039,1.714149821640904
19.379310344827587,1.9655172413793103,1.0016052318668254,1.7516052318668254
20.0,1.9655172413793103,1.0390606420927468,1.7890606420927468
2.0,2.0344827586206895,-0.052663495838287666,0.6973365041617123
2.6206896551724137,2.0344827586206895,-0.015636147443519544,0.7343638525564804
3.2413793103448274,2.0344827586206895,0.02139120095124858,0.7713912009512486
3.8620689655172415,2.0344827586206895,0.0584185493460167,0.8084185493460168
4.482758620689655,2.0344827586206895,0.09544589774078488,0.8454458977407848
5.103448275862069,2.0344827586206895,0.13247324613555295,0.8824732461355529
5.724137931034483,2.0344827586206895,0.1695005945303212,0.9195005945303212
6.344827586206897,2.0344827586206895,0.20652794292508928,0.9565279429250892
6.9655172413793105,2.0344827586206895,0.24355529131985743,0.9935552913198574
7.586206896551724,2.0344827586206895,0.2805826397146255,1.0305826397146256
8.206896551724139,2.0344827586206895,0.3176099881093938,1.067609988109394
8.827586206896552,2.0344827586206895,0.35463733650416185,1.1046373365041617
9.448275862068966,2.0344827586206895,0.39166468489893,1.14166468489893
10.068965517241379,2.0344827586206895,0.4286920332936981,1.178692033293698
10.689655172413794,2.0344827586206895,0.4657193816884661,1.2157193816884662
11.310344827586206,2.0344827586206895,0.5027467300832342,1.2527467300832342
11.931034482758621,2.0344827586206895,0.5397740784780025,1.2897740784780025
12.551724137931036,2.0344827586206895,0.5768014268727707,1.3268014268727706
13.172413793103448,2.0344827586206895,0.6138287752675388,1.3638287752675389
13.793103448275863,2.0344827586206895,0.6508561236623069,1.400856123662307
14.413793103448276,2.0344827586206895,0.687883472057075,1.437883472057075
15.03448275862069,2.0344827586206895,0.7249108204518432,1.4749108204518433
15.655172413793103,2.0344827586206895,0.7619381688466113,1.5119381688466111
16.275862068965516,2.0344827586206895,0.7989655172413793,1.5489655172413794
16.896551724137932,2.0344827586206895,0.8359928656361475,1.5859928656361475
17.517241379310345,2.0344827586206895,0.8730202140309156,1.6230202140309156
18.137931034482758,2.0344827586206895,0.9100475624256836,1.6600475624256836
18.758620689655174,2.0344827586206895,0.9470749108204521,1.6970749108204521
19.379310344827587,2.0344827586206895,0.9841022592152202,1.7341022592152202
20.0,2.0344827586206895,1.0211296076099883,1.7711296076099883
2.0,2.103448275862069,-0.057419738406658705,0.6925802615933413
2.6206896551724137,2.103448275862069,-0.020820451843043986,0.7291795481569561
3.2413793103448274,2.103448275862069,0.015778834720570734,0.7657788347205707
3.8620689655172415,2.103448275862069,0.05237812128418551,0.8023781212841855
4.482758620689655,2.103448275862069,0.08897740784780028,0.8389774078478003
5.103448275862069,2.103448275862069,0.12557669441141495,0.875576694411415
5.724137931034483,2.103448275862069,0.16217598097502983,0.9121759809750298
6.344827586206897,2.103448275862069,0.1987752675386445,0.9487752675386445
6.9655172413793105,2.103448275862069,0.23537455410225927,0.9853745541022593
7.586206896551724,2.103448275862069,0.27197384066587393,1.0219738406658738
8.206896551724139,2.103448275862069,0.3085731272294888,1.0585731272294887
8.827586206896552,2.103448275862069,0.3451724137931035,1.0951724137931036
9.448275862068966,2.103448275862069,0.38177170035671826,1.1317717003567183
10.068965517241379,2.103448275862069,0.4183709869203329,1.168370986920333
10.689655172413794,2.103448275862069,0.4549702734839476,1.2049702734839476
11.310344827586206,2.103448275862069,0.49156956004756225,1.2415695600475622
11.931034482758621,2.103448275862069,0.5281688466111771,1.2781688466111771
12.551724137931036,2.103448275862069,0.564768133174792,1.314768133174792
13.172413793103448,2.103448275862069,0.6013674197384067,1.3513674197384067
13.793103448275863,2.103448275862069,0.6379667063020216,1.3879667063020216
14.413793103448276,2.103448275862069,0.6745659928656362,1.4245659928656362
15.03448275862069,2.103448275862069,0.7111652794292509,1.461165279429251
15.655172413793103,2.103448275862069,0.7477645659928656,1.4977645659928656
16.275862068965516,2.103448275862069,0.7843638525564802,1.5343638525564802
16.896551724137932,2.103448275862069,0.8209631391200951,1.570963139120095
17.517241379310345,2.103448275862069,0.8575624256837099,1.6075624256837098
18.137931034482758,2.103448275862069,0.8941617122473245,1.6441617122473247
18.758620689655174,2.103448275862069,0.9307609988109395,1.6807609988109395
19.379310344827587,2.103448275862069,0.9673602853745542,1.7173602853745542
20.0,2.103448275862069,1.0039595719381689,1.7539595719381689
2.0,2.1724137931034484,-0.061414982164090304,0.6885850178359096
2.6206896551724137,2.1724137931034484,-0.025243757431628988,0.724756242568371
3.2413793103448274,2.1724137931034484,0.010927467300832383,0.7609274673008324
3.8620689655172415,2.1724137931034484,0.047098692033293754,0.7970986920332938
4.482758620689655,2.1724137931034484,0.08326991676575513,0.8332699167657551
5.103448275862069,2.1724137931034484,0.11944114149821639,0.8694411414982164
5.724137931034483,2.1724137931034484,0.15561236623067787,0.9056123662306779
6.344827586206897,2.1724137931034484,0.19178359096313916,0.9417835909631391
6.9655172413793105,2.1724137931034484,0.22795481569560053,0.9779548156956005
7.586206896551724,2.1724137931034484,0.26412604042806187,1.0141260404280619
8.206896551724139,2.1724137931034484,0.3002972651605233,1.0502972651605234
8.827586206896552,2.1724137931034484,0.3364684898929846,1.0864684898929846
9.448275862068966,2.1724137931034484,0.372639714625446,1.1226397146254459
10.068965517241379,2.1724137931034484,0.40881093935790724,1.1588109393579074
10.689655172413794,2.1724137931034484,0.4449821640903685,1.1949821640903684
11.310344827586206,2.1724137931034484,0.4811533888228299,1.2311533888228299
11.931034482758621,2.1724137931034484,0.5173246135552914,1.2673246135552914
12.551724137931036,2.1724137931034484,0.5534958382877528,1.3034958382877528
13.172413793103448,2.1724137931034484,0.5896670630202141,1.339667063020214
13.793103448275863,2.1724137931034484,0.6258382877526756,1.3758382877526756
14.413793103448276,2.1724137931034484,0.6620095124851368,1.4120095124851368
15.03448275862069,2.1724137931034484,0.6981807372175981,1.448180737217598
15.655172413793103,2.1724137931034484,0.7343519619500594,1.4843519619500594
16.275862068965516,2.1724137931034484,0.7705231866825207,1.5205231866825208
16.896551724137932,2.1724137931034484,0.8066944114149822,1.5566944114149823
17.517241379310345,2.1724137931034484,0.8428656361474435,1.5928656361474434
18.137931034482758,2.1724137931034484,0.8790368608799048,1.6290368608799048
18.758620689655174,2.1724137931034484,0.9152080856123663,1.6652080856123663
19.379310344827587,2.1724137931034484,0.9513793103448277,1.7013793103448278
20.0,2.1724137931034484,0.9875505350772891,1.737550535077289
2.0,2.2413793103448274,-0.06464922711058257,0.6853507728894175
2.6206896551724137,2.2413793103448274,-0.028906064209274662,0.7210939357907253
3.2413793103448274,2.2413793103448274,0.0068370986920333054,0.7568370986920333
3.8620689655172415,2.2413793103448274,0.04258026159334127,0.7925802615933413
4.482758620689655,2.2413793103448274,0.0783234244946493,0.8283234244946494
5.103448275862069,2.2413793103448274,0.11406658739595715,0.8640665873959572
5.724137931034483,2.2413793103448274,0.1498097502972653,0.8998097502972653
6.344827586206897,2.2413793103448274,0.18555291319857317,0.9355529131985731
6.9655172413793105,2.2413793103448274,0.22129607609988117,0.9712960760998812
7.586206896551724,2.2413793103448274,0.2570392390011891,1.007039239001189
8.206896551724139,2.2413793103448274,0.29278240190249716,1.0427824019024972
8.827586206896552,2.2413793103448274,0.32852556480380507,1.078525564803805
9.448275862068966,2.2413793103448274,0.3642687277051131,1.114268727705113
10.068965517241379,2.2413793103448274,0.40001189060642095,1.150011890606421
10.689655172413794,2.2413793103448274,0.4357550535077288,1.1857550535077288
11.310344827586206,2.2413793103448274,0.4714982164090368,1.2214982164090369
11.931034482758621,2.2413793103448274,0.5072413793103449,1.257241379310345
12.551724137931036,2.2413793103448274,0.5429845422116529,1.292984542211653
13.172413793103448,2.2413793103448274,0.5787277051129609,1.328727705112961
13.793103448275863,2.2413793103448274,0.614470868014269,1.364470868014269
14.413793103448276,2.2413793103448274,0.6502140309155768,1.4002140309155768
15.03448275862069,2.2413793103448274,0.6859571938168847,1.4359571938168847
15.655172413793103,2.2413793103448274,0.7217003567181927,1.4717003567181925
16.275862068965516,2.2413793103448274,0.7574435196195006,1.5074435196195006
16.896551724137932,2.2413793103448274,0.7931866825208087,1.5431866825208087
17.517241379310345,2.2413793103448274,0.8289298454221166,1.5789298454221166
18.137931034482758,2.2413793103448274,0.8646730083234244,1.6146730083234244
18.758620689655174,2.2413793103448274,0.9004161712247327,1.6504161712247327
19.379310344827587,2.2413793103448274,0.9361593341260406,1.6861593341260406
20.0,2.2413793103448274,0.9719024970273484,1.7219024970273484
2.0,2.310344827586207,-0.06712247324613557,0.6828775267538645
2.6206896551724137,2.310344827586207,-0.03180737217598101,0.7181926278240189
3.2413793103448274,2.310344827586207,0.0035077288941735563,0.7535077288941736
3.8620689655172415,2.310344827586207,0.038822829964328176,0.7888228299643282
4.482758620689655,2.310344827586207,0.0741379310344828,0.8241379310344827
5.103448275862069,2.310344827586207,0.10945303210463725,0.8594530321046372
5.724137931034483,2.310344827586207,0.14476813317479198,0.894768133174792
6.344827586206897,2.310344827586207,0.1800832342449465,0.9300832342449465
6.9655172413793105,2.310344827586207,0.2153983353151011,0.9653983353151011
7.586206896551724,2.310344827586207,0.2507134363852556,1.0007134363852557
8.206896551724139,2.310344827586207,0.2860285374554103,1.0360285374554103
8.827586206896552,2.310344827586207,0.3213436385255648,1.0713436385255648
9.448275862068966,2.310344827586207,0.3566587395957194,1.1066587395957195
10.068965517241379,2.310344827586207,0.39197384066587393,1.141973840665874
10.689655172413794,2.310344827586207,0.42728894173602844,1.1772889417360284
11.310344827586206,2.310344827586207,0.46260404280618295,1.2126040428061828
11.931034482758621,2.310344827586207,0.4979191438763377,1.2479191438763377
12.551724137931036,2.310344827586207,0.5332342449464924,1.2832342449464924
13.172413793103448,2.310344827586207,0.5685493460166469,1.3185493460166469
13.793103448275863,2.310344827586207,0.6038644470868015,1.3538644470868015
14.413793103448276,2.310344827586207,0.6391795481569561,1.3891795481569562
15.03448275862069,2.310344827586207,0.6744946492271107,1.4244946492271107
15.655172413793103,2.310344827586207,0.7098097502972651,1.4598097502972651
16.275862068965516,2.310344827586207,0.7451248513674196,1.4951248513674196
16.896551724137932,2.310344827586207,0.7804399524375742,1.5304399524375742
17.517241379310345,2.310344827586207,0.8157550535077289,1.565755053507729
18.137931034482758,2.310344827586207,0.8510701545778834,1.6010701545778834
18.758620689655174,2.310344827586207,0.8863852556480383,1.6363852556480383
19.379310344827587,2.310344827586207,0.9217003567181927,1.6717003567181927
20.0,2.310344827586207,0.9570154577883472,1.7070154577883472
2.0,2.3793103448275863,-0.06883472057074902,0.681165279429251
2.6206896551724137,2.3793103448275863,-0.033947681331747914,0.7160523186682521
3.2413793103448274,2.3793103448275863,0.000939357907253302,0.7509393579072533
3.8620689655172415,2.3793103448275863,0.03582639714625446,0.7858263971462545
4.482758620689655,2.3793103448275863,0.07071343638525573,0.8207134363852557
5.103448275862069,2.3793103448275863,0.10560047562425678,0.8556004756242568
5.724137931034483,2.3793103448275863,0.14048751486325817,0.8904875148632582
6.344827586206897,2.3793103448275863,0.17537455410225922,0.9253745541022592
6.9655172413793105,2.3793103448275863,0.21026159334126046,0.9602615933412605
7.586206896551724,2.3793103448275863,0.2451486325802616,0.9951486325802616
8.206896551724139,2.3793103448275863,0.2800356718192629,1.030035671819263
8.827586206896552,2.3793103448275863,0.314922711058264,1.064922711058264
9.448275862068966,2.3793103448275863,0.34980975029726524,1.0998097502972652
10.068965517241379,2.3793103448275863,0.3846967895362664,1.1346967895362665
10.689655172413794,2.3793103448275863,0.41958382877526745,1.1695838287752673
11.310344827586206,2.3793103448275863,0.4544708680142686,1.2044708680142686
11.931034482758621,2.3793103448275863,0.48935790725326994,1.2393579072532699
12.551724137931036,2.3793103448275863,0.5242449464922712,1.2742449464922712
13.172413793103448,2.3793103448275863,0.5591319857312724,1.3091319857312724
13.793103448275863,2.3793103448275863,0.5940190249702737,1.3440190249702737
14.413793103448276,2.3793103448275863,0.6289060642092748,1.3789060642092748
15.03448275862069,2.3793103448275863,0.6637931034482759,1.4137931034482758
15.655172413793103,2.3793103448275863,0.6986801426872771,1.448680142687277
16.275862068965516,2.3793103448275863,0.7335671819262781,1.4835671819262781
16.896551724137932,2.3793103448275863,0.7684542211652794,1.5184542211652794
17.517241379310345,2.3793103448275863,0.8033412604042807,1.5533412604042807
18.137931034482758,2.3793103448275863,0.8382282996432817,1.5882282996432817
18.758620689655174,2.3793103448275863,0.8731153388822832,1.6231153388822832
19.379310344827587,2.3793103448275863,0.9080023781212843,1.6580023781212843
20.0,2.3793103448275863,0.9428894173602854,1.6928894173602855
2.0,2.4482758620689653,-0.06978596908442325,0.6802140309155768
2.6206896551724137,2.4482758620689653,-0.03532699167657549,0.7146730083234245
3.2413793103448274,2.4482758620689653,-0.0008680142687276793,0.7491319857312724
3.8620689655172415,2.4482758620689653,0.033590963139120134,0.7835909631391201
4.482758620689655,2.4482758620689653,0.068049940546968,0.818049940546968
5.103448275862069,2.4482758620689653,0.1025089179548157,0.8525089179548158
5.724137931034483,2.4482758620689653,0.13696789536266363,0.8869678953626636
6.344827586206897,2.4482758620689653,0.17142687277051138,0.9214268727705114
6.9655172413793105,2.4482758620689653,0.2058858501783592,0.9558858501783591
7.586206896551724,2.4482758620689653,0.24034482758620693,0.9903448275862069
8.206896551724139,2.4482758620689653,0.2748038049940549,1.0248038049940549
8.827586206896552,2.4482758620689653,0.3092627824019026,1.0592627824019025
9.448275862068966,2.4482758620689653,0.3437217598097504,1.0937217598097504
10.068965517241379,2.4482758620689653,0.37818073721759815,1.128180737217598
10.689655172413794,2.4482758620689653,0.41263971462544585,1.162639714625446
11.310344827586206,2.4482758620689653,0.4470986920332936,1.1970986920332936
11.931034482758621,2.4482758620689653,0.48155766944114153,1.2315576694411416
12.551724137931036,2.4482758620689653,0.5160166468489895,1.2660166468489895
13.172413793103448,2.4482758620689653,0.5504756242568372,1.3004756242568372
13.793103448275863,2.4482758620689653,0.584934601664685,1.334934601664685
14.413793103448276,2.4482758620689653,0.6193935790725329,1.369393579072533
15.03448275862069,2.4482758620689653,0.6538525564803805,1.4038525564803805
15.655172413793103,2.4482758620689653,0.6883115338882284,1.4383115338882284
16.275862068965516,2.4482758620689653,0.7227705112960761,1.472770511296076
16.896551724137932,2.4482758620689653,0.7572294887039239,1.507229488703924
17.517241379310345,2.4482758620689653,0.7916884661117718,1.5416884661117718
18.137931034482758,2.4482758620689653,0.8261474435196194,1.5761474435196194
18.758620689655174,2.4482758620689653,0.8606064209274675,1.6106064209274675
19.379310344827587,2.4482758620689653,0.8950653983353153,1.6450653983353152
20.0,2.4482758620689653,0.929524375743163,1.679524375743163
2.0,2.5172413793103448,-0.06997621878715798,0.680023781212842
2.6206896551724137,2.5172413793103448,-0.03594530321046363,0.7140546967895364
3.2413793103448274,2.5172413793103448,-0.0019143876337692767,0.7480856123662307
3.8620689655172415,2.5172413793103448,0.03211652794292519,0.7821165279429252
4.482758620689655,2.5172413793103448,0.06614744351961965,0.8161474435196197
5.103448275862069,2.5172413793103448,0.10017835909631395,0.8501783590963139
5.724137931034483,2.5172413793103448,0.13420927467300847,0.8842092746730085
6.344827586206897,2.5172413793103448,0.16824019024970283,0.9182401902497028
6.9655172413793105,2.5172413793103448,0.2022711058263973,0.9522711058263973
7.586206896551724,2.5172413793103448,0.23630202140309164,0.9863020214030916
8.206896551724139,2.5172413793103448,0.2703329369797861,1.020332936979786
8.827586206896552,2.5172413793103448,0.30436385255648046,1.0543638525564805
9.448275862068966,2.5172413793103448,0.33839476813317493,1.088394768133175
10.068965517241379,2.5172413793103448,0.3724256837098693,1.1224256837098694
10.689655172413794,2.5172413793103448,0.40645659928656364,1.1564565992865636
11.310344827586206,2.5172413793103448,0.440487514863258,1.1904875148632579
11.931034482758621,2.5172413793103448,0.4745184304399525,1.2245184304399526
12.551724137931036,2.5172413793103448,0.508549346016647,1.258549346016647
13.172413793103448,2.5172413793103448,0.5425802615933414,1.2925802615933413
13.793103448275863,2.5172413793103448,0.576611177170036,1.326611177170036
14.413793103448276,2.5172413793103448,0.6106420927467302,1.3606420927467302
15.03448275862069,2.5172413793103448,0.6446730083234247,1.3946730083234247
15.655172413793103,2.5172413793103448,0.6787039239001189,1.428703923900119
16.275862068965516,2.5172413793103448,0.7127348394768134,1.4627348394768134
16.896551724137932,2.5172413793103448,0.7467657550535078,1.4967657550535078
17.517241379310345,2.5172413793103448,0.7807966706302022,1.530796670630202
18.137931034482758,2.5172413793103448,0.8148275862068965,1.5648275862068965
18.758620689655174,2.5172413793103448,0.8488585017835912,1.5988585017835912
19.379310344827587,2.5172413793103448,0.8828894173602856,1.6328894173602855
20.0,2.5172413793103448,0.9169203329369799,1.66692033293698
2.0,2.586206896551724,-0.06940546967895367,0.6805945303210463
2.6206896551724137,2.586206896551724,-0.03580261593341261,0.7141973840665874
3.2413793103448274,2.586206896551724,-0.0021997621878716567,0.7478002378121283
3.8620689655172415,2.586206896551724,0.031403091557669405,0.7814030915576694
4.482758620689655,2.586206896551724,0.06500594530321047,0.8150059453032105
5.103448275862069,2.586206896551724,0.09860879904875136,0.8486087990487514
5.724137931034483,2.586206896551724,0.13221165279429253,0.8822116527942925
6.344827586206897,2.586206896551724,0.16581450653983348,0.9158145065398335
6.9655172413793105,2.586206896551724,0.1994173602853745,0.9494173602853745
7.586206896551724,2.586206896551724,0.2330202140309155,0.9830202140309154
8.206896551724139,2.586206896551724,0.2666230677764566,1.0166230677764565
8.827586206896552,2.586206896551724,0.30022592152199756,1.0502259215219976
9.448275862068966,2.586206896551724,0.3338287752675386,1.0838287752675386
10.068965517241379,2.586206896551724,0.3674316290130796,1.1174316290130797
10.689655172413794,2.586206896551724,0.4010344827586205,1.1510344827586205
11.310344827586206,2.586206896551724,0.4346373365041615,1.1846373365041614
11.931034482758621,2.586206896551724,0.46824019024970265,1.2182401902497026
12.551724137931036,2.586206896551724,0.5018430439952437,1.2518430439952437
13.172413793103448,2.586206896551724,0.5354458977407848,1.2854458977407848
13.793103448275863,2.586206896551724,0.5690487514863258,1.3190487514863258
14.413793103448276,2.586206896551724,0.6026516052318669,1.352651605231867
15.03448275862069,2.586206896551724,0.6362544589774077,1.3862544589774077
15.655172413793103,2.586206896551724,0.6698573127229488,1.4198573127229488
16.275862068965516,2.586206896551724,0.7034601664684897,1.4534601664684899
16.896551724137932,2.586206896551724,0.7370630202140309,1.487063020214031
17.517241379310345,2.586206896551724,0.7706658739595718,1.5206658739595718
18.137931034482758,2.586206896551724,0.8042687277051128,1.5542687277051128
18.758620689655174,2.586206896551724,0.8378715814506541,1.587871581450654
19.379310344827587,2.586206896551724,0.871474435196195,1.6214744351961952
20.0,2.586206896551724,0.905077288941736,1.655077288941736
2.0,2.655172413793103,-0.06807372175980964,0.6819262782401904
2.6206896551724137,2.655172413793103,-0.03489892984542187,0.7151010701545781
3.2413793103448274,2.655172413793103,-0.0017241379310343197,0.7482758620689657
3.8620689655172415,2.655172413793103,0.03145065398335334,0.7814506539833533
4.482758620689655,2.655172413793103,0.064625445897741,0.814625445897741
5.103448275862069,2.655172413793103,0.09780023781212854,0.8478002378121285
5.724137931034483,2.655172413793103,0.1309750297265163,0.8809750297265163
6.344827586206897,2.655172413793103,0.16414982164090386,0.9141498216409039
6.9655172413793105,2.655172413793103,0.19732461355529152,0.9473246135552915
7.586206896551724,2.655172413793103,0.23049940546967906,0.9804994054696791
8.206896551724139,2.655172413793103,0.26367419738406683,1.0136741973840668
8.827586206896552,2.655172413793103,0.2968489892984544,1.0468489892984545
9.448275862068966,2.655172413793103,0.33002378121284204,1.0800237812128421
10.068965517241379,2.655172413793103,0.36319857312722964,1.1131985731272296
10.689655172413794,2.655172413793103,0.3963733650416172,1.1463733650416172
11.310344827586206,2.655172413793103,0.4295481569560048,1.1795481569560047
11.931034482758621,2.655172413793103,0.46272294887039256,1.2127229488703926
12.551724137931036,2.655172413793103,0.49589774078478027,1.2458977407847802
13.172413793103448,2.655172413793103,0.5290725326991679,1.2790725326991679
13.793103448275863,2.655172413793103,0.5622473246135555,1.3122473246135555
14.413793103448276,2.655172413793103,0.5954221165279432,1.3454221165279432
15.03448275862069,2.655172413793103,0.6285969084423307,1.3785969084423306
15.655172413793103,2.655172413793103,0.6617717003567183,1.4117717003567183
16.275862068965516,2.655172413793103,0.6949464922711059,1.444946492271106
16.896551724137932,2.655172413793103,0.7281212841854936,1.4781212841854936
17.517241379310345,2.655172413793103,0.7612960760998813,1.5112960760998813
18.137931034482758,2.655172413793103,0.7944708680142688,1.544470868014269
18.758620689655174,2.655172413793103,0.8276456599286567,1.5776456599286566
19.379310344827587,2.655172413793103,0.8608204518430442,1.6108204518430442
20.0,2.655172413793103,0.8939952437574319,1.643995243757432
2.0,2.7241379310344827,-0.06598097502972633,0.6840190249702737
2.6206896551724137,2.7241379310344827,-0.033234244946492075,0.7167657550535079
3.2413793103448274,2.7241379310344827,-0.0004875148632579318,0.7495124851367421
3.8620689655172415,2.7241379310344827,0.03225921521997632,0.7822592152199763
4.482758620689655,2.7241379310344827,0.06500594530321069,0.8150059453032107
5.103448275862069,2.7241379310344827,0.09775267538644483,0.8477526753864448
5.724137931034483,2.7241379310344827,0.1304994054696792,0.8804994054696792
6.344827586206897,2.7241379310344827,0.16324613555291334,0.9132461355529133
6.9655172413793105,2.7241379310344827,0.1959928656361476,0.9459928656361476
7.586206896551724,2.7241379310344827,0.22873959571938185,0.9787395957193818
8.206896551724139,2.7241379310344827,0.26148632580261616,1.011486325802616
8.827586206896552,2.7241379310344827,0.29423305588585036,1.0442330558858504
9.448275862068966,2.7241379310344827,0.3269797859690846,1.0769797859690846
10.068965517241379,2.7241379310344827,0.3597265160523188,1.1097265160523189
10.689655172413794,2.7241379310344827,0.39247324613555296,1.142473246135553
11.310344827586206,2.7241379310344827,0.42521997621878715,1.1752199762187872
11.931034482758621,2.7241379310344827,0.4579667063020215,1.2079667063020216
12.551724137931036,2.7241379310344827,0.4907134363852559,1.2407134363852559
13.172413793103448,2.7241379310344827,0.5234601664684901,1.2734601664684901
13.793103448275863,2.7241379310344827,0.5562068965517244,1.3062068965517244
14.413793103448276,2.7241379310344827,0.5889536266349586,1.3389536266349586
15.03448275862069,2.7241379310344827,0.6217003567181928,1.371700356718193
15.655172413793103,2.7241379310344827,0.6544470868014269,1.404447086801427
16.275862068965516,2.7241379310344827,0.6871938168846612,1.4371938168846612
16.896551724137932,2.7241379310344827,0.7199405469678956,1.4699405469678957
17.517241379310345,2.7241379310344827,0.7526872770511297,1.5026872770511297
18.137931034482758,2.7241379310344827,0.785434007134364,1.535434007134364
18.758620689655174,2.7241379310344827,0.8181807372175984,1.5681807372175984
19.379310344827587,2.7241379310344827,0.8509274673008326,1.6009274673008327
20.0,2.7241379310344827,0.8836741973840668,1.633674197384067
2.0,2.793103448275862,-0.06312722948870397,0.686872770511296
2.6206896551724137,2.793103448275862,-0.030808561236623122,0.7191914387633769
3.2413793103448274,2.793103448275862,0.001510107015457729,0.7515101070154577
3.8620689655172415,2.793103448275862,0.03382877526753858,0.7838287752675386
4.482758620689655,2.793103448275862,0.06614744351961943,0.8161474435196194
5.103448275862069,2.793103448275862,0.09846611177170028,0.8484661117717003
5.724137931034483,2.793103448275862,0.13078478002378124,0.8807847800237812
6.344827586206897,2.793103448275862,0.16310344827586204,0.913103448275862
6.9655172413793105,2.793103448275862,0.19542211652794295,0.945422116527943
7.586206896551724,2.793103448275862,0.2277407847800237,0.9777407847800237
8.206896551724139,2.793103448275862,0.26005945303210465,1.0100594530321048
8.827586206896552,2.793103448275862,0.2923781212841855,1.0423781212841856
9.448275862068966,2.793103448275862,0.32469678953626635,1.0746967895362665
10.068965517241379,2.793103448275862,0.35701545778834715,1.107015457788347
10.689655172413794,2.793103448275862,0.38933412604042794,1.139334126040428
11.310344827586206,2.793103448275862,0.42165279429250874,1.1716527942925088
11.931034482758621,2.793103448275862,0.4539714625445897,1.2039714625445896
12.551724137931036,2.793103448275862,0.48629013079667066,1.2362901307966707
13.172413793103448,2.793103448275862,0.5186087990487515,1.2686087990487516
13.793103448275863,2.793103448275862,0.5509274673008324,1.3009274673008324
14.413793103448276,2.793103448275862,0.5832461355529133,1.3332461355529133
15.03448275862069,2.793103448275862,0.615564803804994,1.3655648038049941
15.655172413793103,2.793103448275862,0.6478834720570747,1.3978834720570747
16.275862068965516,2.793103448275862,0.6802021403091556,1.4302021403091556
16.896551724137932,2.793103448275862,0.7125208085612366,1.4625208085612367
17.517241379310345,2.793103448275862,0.7448394768133174,1.4948394768133175
18.137931034482758,2.793103448275862,0.7771581450653982,1.5271581450653982
18.758620689655174,2.793103448275862,0.8094768133174793,1.5594768133174792
19.379310344827587,2.793103448275862,0.8417954815695601,1.59179548156956
20.0,2.793103448275862,0.8741141498216409,1.624114149821641
2.0,2.862068965517241,-0.05951248513674179,0.6904875148632582
2.6206896551724137,2.862068965517241,-0.02762187871581434,0.7223781212841857
3.2413793103448274,2.862068965517241,0.004268727705113107,0.7542687277051131
3.8620689655172415,2.862068965517241,0.036159334126040554,0.7861593341260406
4.482758620689655,2.862068965517241,0.06804994054696811,0.8180499405469681
5.103448275862069,2.862068965517241,0.09994054696789545,0.8499405469678954
5.724137931034483,2.862068965517241,0.131831153388823,0.881831153388823
6.344827586206897,2.862068965517241,0.16372175980975046,0.9137217598097505
6.9655172413793105,2.862068965517241,0.1956123662306779,0.9456123662306779
7.586206896551724,2.862068965517241,0.22750297265160535,0.9775029726516054
8.206896551724139,2.862068965517241,0.2593935790725329,1.0093935790725328
8.827586206896552,2.862068965517241,0.29128418549346036,1.0412841854934602
9.448275862068966,2.862068965517241,0.3231747919143878,1.0731747919143877
10.068965517241379,2.862068965517241,0.35506539833531525,1.1050653983353151
10.689655172413794,2.862068965517241,0.38695600475624264,1.1369560047562426
11.310344827586206,2.862068965517241,0.41884661117717004,1.16884661117717
11.931034482758621,2.862068965517241,0.45073721759809765,1.2007372175980977
12.551724137931036,2.862068965517241,0.4826278240190252,1.2326278240190252
13.172413793103448,2.862068965517241,0.5145184304399526,1.2645184304399526
13.793103448275863,2.862068965517241,0.5464090368608803,1.2964090368608803
14.413793103448276,2.862068965517241,0.5782996432818076,1.3282996432818077
15.03448275862069,2.862068965517241,0.6101902497027349,1.360190249702735
15.655172413793103,2.862068965517241,0.6420808561236624,1.3920808561236624
16.275862068965516,2.862068965517241,0.6739714625445898,1.4239714625445898
16.896551724137932,2.862068965517241,0.7058620689655174,1.4558620689655175
17.517241379310345,2.862068965517241,0.7377526753864448,1.487752675386445
18.137931034482758,2.862068965517241,0.7696432818073723,1.5196432818073724
18.758620689655174,2.862068965517241,0.8015338882283,1.5515338882282999
19.379310344827587,2.862068965517241,0.8334244946492274,1.5834244946492273
20.0,2.862068965517241,0.8653151010701549,1.6153151010701547
2.0,2.9310344827586206,-0.055136741973840664,0.6948632580261593
2.6206896551724137,2.9310344827586206,-0.02367419738406651,0.7263258026159335
3.2413793103448274,2.9310344827586206,0.007788347205707424,0.7577883472057074
3.8620689655172415,2.9310344827586206,0.03925089179548158,0.7892508917954816
4.482758620689655,2.9310344827586206,0.07071343638525562,0.8207134363852556
5.103448275862069,2.9310344827586206,0.10217598097502967,0.8521759809750297
5.724137931034483,2.9310344827586206,0.13363852556480393,0.8836385255648039
6.344827586206897,2.9310344827586206,0.16510107015457787,0.9151010701545779
6.9655172413793105,2.9310344827586206,0.19656361474435202,0.946563614744352
7.586206896551724,2.9310344827586206,0.228026159334126,0.978026159334126
8.206896551724139,2.9310344827586206,0.2594887039239002,1.0094887039239002
8.827586206896552,2.9310344827586206,0.2909512485136742,1.0409512485136743
9.448275862068966,2.9310344827586206,0.3224137931034483,1.0724137931034483
10.068965517241379,2.9310344827586206,0.35387633769322235,1.1038763376932224
10.689655172413794,2.9310344827586206,0.38533888228299634,1.1353388822829964
11.310344827586206,2.9310344827586206,0.4168014268727704,1.1668014268727704
11.931034482758621,2.9310344827586206,0.4482639714625446,1.1982639714625445
12.551724137931036,2.9310344827586206,0.47972651605231875,1.2297265160523188
13.172413793103448,2.9310344827586206,0.5111890606420928,1.2611890606420928
13.793103448275863,2.9310344827586206,0.542651605231867,1.292651605231867
14.413793103448276,2.9310344827586206,0.574114149821641,1.324114149821641
15.03448275862069,2.9310344827586206,0.6055766944114149,1.355576694411415
15.655172413793103,2.9310344827586206,0.637039239001189,1.387039239001189
16.275862068965516,2.9310344827586206,0.668501783590963,1.418501783590963
16.896551724137932,2.9310344827586206,0.6999643281807373,1.4499643281807373
17.517241379310345,2.9310344827586206,0.7314268727705112,1.4814268727705113
18.137931034482758,2.9310344827586206,0.7628894173602853,1.5128894173602854
18.758620689655174,2.9310344827586206,0.7943519619500596,1.5443519619500596
19.379310344827587,2.9310344827586206,0.8258145065398337,1.5758145065398337
20.0,2.9310344827586206,0.8572770511296077,1.6072770511296077
2.0,3.0,-0.050000000000000044,0.7
2.6206896551724137,3.0,-0.018965517241379404,0.7310344827586206
3.2413793103448274,3.0,0.012068965517241237,0.7620689655172412
3.8620689655172415,3.0,0.04310344827586199,0.793103448275862
4.482758620689655,3.0,0.07413793103448274,0.8241379310344827
5.103448275862069,3.0,0.10517241379310327,0.8551724137931033
5.724137931034483,3.0,0.13620689655172413,0.8862068965517241
6.344827586206897,3.0,0.16724137931034466,0.9172413793103447
6.9655172413793105,3.0,0.1982758620689654,0.9482758620689654
7.586206896551724,3.0,0.22931034482758605,0.979310344827586
8.206896551724139,3.0,0.26034482758620686,1.0103448275862068
8.827586206896552,3.0,0.2913793103448275,1.0413793103448274
9.448275862068966,3.0,0.3224137931034482,1.0724137931034483
10.068965517241379,3.0,0.35344827586206884,1.103448275862069
10.689655172413794,3.0,0.3844827586206894,1.1344827586206894
11.310344827586206,3.0,0.41551724137931006,1.16551724137931
11.931034482758621,3.0,0.44655172413793087,1.1965517241379309
12.551724137931036,3.0,0.4775862068965517,1.2275862068965517
13.172413793103448,3.0,0.5086206896551724,1.2586206896551724
13.793103448275863,3.0,0.5396551724137931,1.2896551724137932
14.413793103448276,3.0,0.5706896551724138,1.3206896551724139
15.03448275862069,3.0,0.6017241379310344,1.3517241379310345
15.655172413793103,3.0,0.632758620689655,1.3827586206896552
16.275862068965516,3.0,0.6637931034482757,1.4137931034482758
16.896551724137932,3.0,0.6948275862068964,1.4448275862068964
17.517241379310345,3.0,0.7258620689655171,1.475862068965517
18.137931034482758,3.0,0.7568965517241377,1.5068965517241377
18.758620689655174,3.0,0.7879310344827586,1.5379310344827586
19.379310344827587,3.0,0.8189655172413792,1.5689655172413792
20.0,3.0,0.8499999999999999,1.5999999999999999
